Archivo,ROI,Media_basal,Std_basal,Umbral,N_eventos_pre_peak,Amplitud_promedio_eventos,Amplitud_maxima_eventos,Tipo,Observaciones
14DIV_GCaMP6-NLS-NMDA_control 4_Channel,dF_F0_ROI1,-3.342444511944686e-06,0.0001569957100086,0.0002792498335035,16.0,0.0025328737270976,0.0271508145462876,ROI con alta actividad basal,actividad basal alta o amplitud elevada; amplitud máxima elevada
14DIV_GCaMP6-NLS-NMDA_control 4_Channel,dF_F0_ROI10,-7.619602683256783e-06,0.0006726417954454,0.0012031356291185,3.0,0.0076939349223439,0.0167047454940328,ROI válida,señal razonable y eventos detectables
14DIV_GCaMP6-NLS-NMDA_control 4_Channel,dF_F0_ROI11,-2.52914383291901e-06,0.0002136742829455,0.000382084565469,7.0,0.0056200112966801,0.0286180816926763,ROI con alta actividad basal,actividad basal alta o amplitud elevada; amplitud máxima elevada
14DIV_GCaMP6-NLS-NMDA_control 4_Channel,dF_F0_ROI12,-5.22339223094895e-06,0.0002482143584361,0.0004415624529541,14.0,0.0034578766287008,0.0272435844859568,ROI con alta actividad basal,actividad basal alta o amplitud elevada; amplitud máxima elevada
14DIV_GCaMP6-NLS-NMDA_control 4_Channel,dF_F0_ROI2,-1.243068476943937e-06,0.0003333981223208,0.0005988735517006,4.0,0.0021253308280993,0.0054590507227271,ROI válida,señal razonable y eventos detectables
14DIV_GCaMP6-NLS-NMDA_control 4_Channel,dF_F0_ROI3,-7.650464866190306e-06,0.0005854443553336,0.0010461493747344,7.0,0.0044790535868445,0.0194822101307955,ROI válida,señal razonable y eventos detectables
14DIV_GCaMP6-NLS-NMDA_control 4_Channel,dF_F0_ROI4,-2.094459020505016e-06,0.0002637918333873,0.0004727308410767,4.0,0.0015411450002772,0.0044073725743966,ROI válida,señal razonable y eventos detectables
14DIV_GCaMP6-NLS-NMDA_control 4_Channel,dF_F0_ROI5,3.478247968407948e-06,0.0009385744517519,0.0016929122611218,1.0,0.0068214810163354,0.0068214810163354,ROI válida,señal razonable y eventos detectables
14DIV_GCaMP6-NLS-NMDA_control 4_Channel,dF_F0_ROI6,-6.578447256566292e-06,0.0003679731525533,0.0006557732273394,7.0,0.0041820210979475,0.0181924622123412,ROI válida,señal razonable y eventos detectables
14DIV_GCaMP6-NLS-NMDA_control 4_Channel,dF_F0_ROI7,-3.659422475020631e-06,0.0003148119721791,0.0005630021274474,6.0,0.0063034358353146,0.0264851097908184,ROI con alta actividad basal,actividad basal alta o amplitud elevada; amplitud máxima elevada
14DIV_GCaMP6-NLS-NMDA_control 4_Channel,dF_F0_ROI9,-7.604137873854906e-06,0.0004103148938586,0.0007309626710716,5.0,0.0038842352624275,0.0112473855160611,ROI válida,señal razonable y eventos detectables
14DIV_GCaMP6-NLS-NMDA_control2_Channel-B,dF_F0_ROI1,-4.407585131496971e-07,0.0003164055398409,0.0005690892132006,1.0,0.0142531406871568,0.0142531406871568,ROI con alta actividad basal,actividad basal alta o amplitud elevada
14DIV_GCaMP6-NLS-NMDA_control2_Channel-B,dF_F0_ROI2,3.58532591145464e-06,0.0003357644421674,0.0006079613218129,9.0,0.0016918705273174,0.0076775147861671,ROI válida,señal razonable y eventos detectables
14DIV_GCaMP6-NLS-NMDA_control2_Channel-B,dF_F0_ROI3,6.96258750885079e-06,0.000363193343771,0.0006607106062967,3.0,0.0032353071659038,0.0077675570047157,ROI válida,señal razonable y eventos detectables
14DIV_GCaMP6-NLS-NMDA_control2_Channel-B,dF_F0_ROI4,5.746605398515591e-06,0.0009208125508172,0.0016632091968695,3.0,0.0040747697225823,0.0079301188190841,ROI válida,señal razonable y eventos detectables
14DIV_GCaMP6-NLS-NMDA_control2_Channel-B,dF_F0_ROI5,2.618105266664464e-06,0.0002351726557073,0.0004259288855398,1.0,0.0037612296162848,0.0037612296162848,ROI válida,señal razonable y eventos detectables
14DIV_GCaMP6-NLS-NMDA_control2_Channel-B,dF_F0_ROI6,1.214938141435662e-07,0.0004146306331193,0.0007464566334289,1.0,0.007218831090563,0.007218831090563,ROI válida,señal razonable y eventos detectables
14DIV_GCaMP6-NLS-NMDA_control2_Channel-B,dF_F0_ROI7,-2.266772448695343e-06,0.0002073125646266,0.0003708958438792,3.0,0.0071957983882754,0.0204563894677528,ROI con alta actividad basal,actividad basal alta o amplitud elevada; amplitud máxima elevada
14DIV_GCamp-NLS-jRGECO1a control21,dF_F0_ROI1,-2.737254678633674e-06,0.0056103894313834,0.0100959637218116,1.0,0.6669205511711458,0.6669205511711458,ROI con alta actividad basal,actividad basal alta o amplitud elevada; amplitud máxima elevada
14DIV_GCamp-NLS-jRGECO1a control21,dF_F0_ROI10,-9.56437360695005e-06,0.0021021519433711,0.003774309124461,2.0,0.0328636552344905,0.0608711840051089,ROI con alta actividad basal,actividad basal alta o amplitud elevada; amplitud máxima elevada
14DIV_GCamp-NLS-jRGECO1a control21,dF_F0_ROI11,-3.104947166768958e-06,0.0057774457280563,0.0103962973633346,1.0,0.7113483970200661,0.7113483970200661,ROI con alta actividad basal,actividad basal alta o amplitud elevada; amplitud máxima elevada
14DIV_GCamp-NLS-jRGECO1a control21,dF_F0_ROI12,-1.5228126827869e-05,0.002584129547329,0.0046362050583643,2.0,0.044027297785182,0.0797578914430324,ROI con alta actividad basal,actividad basal alta o amplitud elevada; amplitud máxima elevada
14DIV_GCamp-NLS-jRGECO1a control21,dF_F0_ROI13,-2.227896701353848e-05,0.0040654453834327,0.0072955227231654,2.0,0.0301907071676958,0.0522965717949204,ROI con alta actividad basal,actividad basal alta o amplitud elevada; amplitud máxima elevada
14DIV_GCamp-NLS-jRGECO1a control21,dF_F0_ROI14,-6.17474532433854e-06,0.0022597618886687,0.0040613966542794,2.0,0.0286276994025355,0.0514446670246484,ROI con alta actividad basal,actividad basal alta o amplitud elevada; amplitud máxima elevada
14DIV_GCamp-NLS-jRGECO1a control21,dF_F0_ROI15,-1.128699926849676e-06,0.0040271286742874,0.0072477029137906,2.0,0.1917054966849261,0.3759296936851915,ROI con alta actividad basal,actividad basal alta o amplitud elevada; amplitud máxima elevada
14DIV_GCamp-NLS-jRGECO1a control21,dF_F0_ROI2,-9.16557658471624e-06,0.0083204658769631,0.0149676730019489,1.0,0.7255314706548085,0.7255314706548085,ROI con alta actividad basal,actividad basal alta o amplitud elevada; amplitud máxima elevada
14DIV_GCamp-NLS-jRGECO1a control21,dF_F0_ROI3,-1.504467653305781e-05,0.0088117302407151,0.0158460697567542,2.0,0.1401682494460079,0.2584728290801417,ROI con alta actividad basal,actividad basal alta o amplitud elevada; amplitud máxima elevada
14DIV_GCamp-NLS-jRGECO1a control21,dF_F0_ROI4,4.825156037659208e-06,0.002467258057281,0.0044458896591435,1.0,0.3292211223579193,0.3292211223579193,ROI con alta actividad basal,actividad basal alta o amplitud elevada; amplitud máxima elevada
14DIV_GCamp-NLS-jRGECO1a control21,dF_F0_ROI5,-1.470524861210175e-05,0.0038779430674134,0.0069655922727321,1.0,0.3716911560124495,0.3716911560124495,ROI con alta actividad basal,actividad basal alta o amplitud elevada; amplitud máxima elevada
14DIV_GCamp-NLS-jRGECO1a control21,dF_F0_ROI6,-5.771199309379238e-05,0.0257213860677734,0.0462407829288984,2.0,0.0893267108082461,0.1187933193875859,ROI con alta actividad basal,actividad basal alta o amplitud elevada; amplitud máxima elevada
14DIV_GCamp-NLS-jRGECO1a control21,dF_F0_ROI7,-9.712863759094488e-06,0.00730538537397,0.0131399808093869,5.0,0.0353267359548972,0.1053935007222718,ROI con alta actividad basal,actividad basal alta o amplitud elevada; amplitud máxima elevada
14DIV_GCamp-NLS-jRGECO1a control21,dF_F0_ROI9,-9.097739635792122e-06,0.0041533655478388,0.0074669602464742,1.0,0.465103372064981,0.465103372064981,ROI con alta actividad basal,actividad basal alta o amplitud elevada; amplitud máxima elevada
14DIV_GCamp-NLS-jRGECO1aASX11_w1Channel-B,dF_F0_ROI1,0.003000213679666,0.0002320056340362,0.0034178238209314,0.0,0.0,0.0,ROI sin eventos,sin eventos pre-peak detectados
14DIV_GCamp-NLS-jRGECO1aASX11_w1Channel-B,dF_F0_ROI10,5.793141674611859e-06,0.0005987697074931,0.0010835786151622,2.0,0.0050912707614839,0.0089793324758592,ROI válida,señal razonable y eventos detectables
14DIV_GCamp-NLS-jRGECO1aASX11_w1Channel-B,dF_F0_ROI2,1.364067391481973e-05,0.0024593342279826,0.0044404422842835,1.0,0.0093412574827784,0.0093412574827784,ROI válida,señal razonable y eventos detectables
14DIV_GCamp-NLS-jRGECO1aASX11_w1Channel-B,dF_F0_ROI3,0.002575498964345,0.0001665072447832,0.0028752120049549,0.0,0.0,0.0,ROI sin eventos,sin eventos pre-peak detectados
14DIV_GCamp-NLS-jRGECO1aASX11_w1Channel-B,dF_F0_ROI4,0.0036984678833112,0.0002944064139731,0.0042283994284629,0.0,0.0,0.0,ROI sin eventos,sin eventos pre-peak detectados
14DIV_GCamp-NLS-jRGECO1aASX11_w1Channel-B,dF_F0_ROI5,1.390055133448601e-05,0.0003895554249476,0.0007151003162402,2.0,0.0083810862181888,0.0158559708062676,ROI válida,señal razonable y eventos detectables
14DIV_GCamp-NLS-jRGECO1aASX11_w1Channel-B,dF_F0_ROI6,0.0014990462227916,0.000190518670988,0.0018419798305701,0.0,0.0,0.0,ROI sin eventos,sin eventos pre-peak detectados
14DIV_GCamp-NLS-jRGECO1aASX11_w1Channel-B,dF_F0_ROI7,0.0010882711573926,0.0001334372557171,0.0013284582176835,0.0,0.0,0.0,ROI sin eventos,sin eventos pre-peak detectados
14DIV_GCamp-NLS-jRGECO1aASX11_w1Channel-B,dF_F0_ROI9,-9.59826920918281e-06,0.0013974875198739,0.0025058792665639,1.0,0.0455395294646005,0.0455395294646005,ROI con alta actividad basal,actividad basal alta o amplitud elevada; amplitud máxima elevada
14DIV_GCamp-NLS-jRGECO1aASX51_w1Channel-B,dF_F0_ROI10,-1.746941201402136e-05,0.001874678157769,0.0033569512719702,1.0,0.0649053371257424,0.0649053371257424,ROI con alta actividad basal,actividad basal alta o amplitud elevada; amplitud máxima elevada
14DIV_GCamp-NLS-jRGECO1aASX51_w1Channel-B,dF_F0_ROI11,0.0002464470549577,0.0003285960732769,0.0008379199868561,0.0,0.0,0.0,ROI sin eventos,sin eventos pre-peak detectados
14DIV_GCamp-NLS-jRGECO1aASX51_w1Channel-B,dF_F0_ROI12,-0.0001100240732671,0.0085102363907103,0.0152084014300115,1.0,0.3485210564071419,0.3485210564071419,ROI con alta actividad basal,actividad basal alta o amplitud elevada; amplitud máxima elevada
14DIV_GCamp-NLS-jRGECO1aASX51_w1Channel-B,dF_F0_ROI14,1.00269394285758e-06,0.0030500847526074,0.0054911552486361,1.0,0.2159649390816554,0.2159649390816554,ROI con alta actividad basal,actividad basal alta o amplitud elevada; amplitud máxima elevada
14DIV_GCamp-NLS-jRGECO1aASX51_w1Channel-B,dF_F0_ROI15,2.182643617950803e-05,0.0012135874827832,0.0022062839051894,1.0,0.0029574821023223,0.0029574821023223,ROI válida,señal razonable y eventos detectables
14DIV_GCamp-NLS-jRGECO1aASX51_w1Channel-B,dF_F0_ROI18,-2.019102004129717e-06,0.0028653453233299,0.0051556024799897,1.0,0.2944389484756437,0.2944389484756437,ROI con alta actividad basal,actividad basal alta o amplitud elevada; amplitud máxima elevada
14DIV_GCamp-NLS-jRGECO1aASX51_w1Channel-B,dF_F0_ROI19,-2.735244722300579e-06,0.0010765350685408,0.0019350278786512,1.0,0.0027434504565123,0.0027434504565123,ROI válida,señal razonable y eventos detectables
14DIV_GCamp-NLS-jRGECO1aASX51_w1Channel-B,dF_F0_ROI2,-5.179742808428343e-06,0.0028755517323018,0.0051708133753348,2.0,0.128053761935045,0.2504363013279654,ROI con alta actividad basal,actividad basal alta o amplitud elevada; amplitud máxima elevada
14DIV_GCamp-NLS-jRGECO1aASX51_w1Channel-B,dF_F0_ROI22,-3.002092348361087e-06,0.0047531535010208,0.0085526742094891,1.0,0.2691788669668945,0.2691788669668945,ROI con alta actividad basal,actividad basal alta o amplitud elevada; amplitud máxima elevada
14DIV_GCamp-NLS-jRGECO1aASX51_w1Channel-B,dF_F0_ROI23,-4.856883823341902e-05,0.0009886685596124,0.0017310345690689,0.0,0.0,0.0,ROI sin eventos,sin eventos pre-peak detectados
14DIV_GCamp-NLS-jRGECO1aASX51_w1Channel-B,dF_F0_ROI26,3.752460486862684e-06,0.0048480786765232,0.0087302940782286,1.0,0.5242791614415755,0.5242791614415755,ROI con alta actividad basal,actividad basal alta o amplitud elevada; amplitud máxima elevada
14DIV_GCamp-NLS-jRGECO1aASX51_w1Channel-B,dF_F0_ROI27,3.250922449253875e-05,0.0015591752885815,0.0028390247439394,1.0,0.0080785422863737,0.0080785422863737,ROI válida,señal razonable y eventos detectables
14DIV_GCamp-NLS-jRGECO1aASX51_w1Channel-B,dF_F0_ROI3,-0.0001039290656776,0.0009664422015299,0.0016356668970761,0.0,0.0,0.0,ROI sin eventos,sin eventos pre-peak detectados
14DIV_GCamp-NLS-jRGECO1aASX51_w1Channel-B,dF_F0_ROI30,-1.92967107452482e-06,0.0037666264795333,0.0067779979920854,1.0,0.2527827870572885,0.2527827870572885,ROI con alta actividad basal,actividad basal alta o amplitud elevada; amplitud máxima elevada
14DIV_GCamp-NLS-jRGECO1aASX51_w1Channel-B,dF_F0_ROI31,4.859401321751267e-05,0.0016093497349167,0.0029454235360675,1.0,0.0079532201632758,0.0079532201632758,ROI válida,señal razonable y eventos detectables
14DIV_GCamp-NLS-jRGECO1aASX51_w1Channel-B,dF_F0_ROI34,-6.664598664770886e-06,0.0049920931335753,0.0089791030417709,1.0,0.4297372292324642,0.4297372292324642,ROI con alta actividad basal,actividad basal alta o amplitud elevada; amplitud máxima elevada
14DIV_GCamp-NLS-jRGECO1aASX51_w1Channel-B,dF_F0_ROI35,-5.976734203764658e-05,0.0015877263079386,0.0027981400122519,0.0,0.0,0.0,ROI sin eventos,sin eventos pre-peak detectados
14DIV_GCamp-NLS-jRGECO1aASX51_w1Channel-B,dF_F0_ROI38,-1.147460488843891e-05,0.0038829544717942,0.0069778434443411,1.0,0.112846118541961,0.112846118541961,ROI con alta actividad basal,actividad basal alta o amplitud elevada; amplitud máxima elevada
14DIV_GCamp-NLS-jRGECO1aASX51_w1Channel-B,dF_F0_ROI39,3.232479958619842e-05,0.0019642240454462,0.0035679280813895,1.0,0.0039759503491078,0.0039759503491078,ROI válida,señal razonable y eventos detectables
14DIV_GCamp-NLS-jRGECO1aASX51_w1Channel-B,dF_F0_ROI40,-4.292793013778209e-05,0.0109586345971701,0.0196826143447684,1.0,0.6680996418584115,0.6680996418584115,ROI con alta actividad basal,actividad basal alta o amplitud elevada; amplitud máxima elevada
14DIV_GCamp-NLS-jRGECO1aASX51_w1Channel-B,dF_F0_ROI42,-1.688558715429239e-06,0.0020063620894545,0.0036097632023027,2.0,0.0760553744872235,0.1480773339863994,ROI con alta actividad basal,actividad basal alta o amplitud elevada; amplitud máxima elevada
14DIV_GCamp-NLS-jRGECO1aASX51_w1Channel-B,dF_F0_ROI43,1.629142093776379e-05,0.0010437300393493,0.0018950054917666,0.0,0.0,0.0,ROI sin eventos,sin eventos pre-peak detectados
14DIV_GCamp-NLS-jRGECO1aASX51_w1Channel-B,dF_F0_ROI44,-1.305670527100399e-05,0.0058505414886028,0.0105179179742141,1.0,0.8958466620532974,0.8958466620532974,ROI con alta actividad basal,actividad basal alta o amplitud elevada; amplitud máxima elevada
14DIV_GCamp-NLS-jRGECO1aASX51_w1Channel-B,dF_F0_ROI46,5.210423393289346e-06,0.0057167532727761,0.0102953663143903,1.0,0.933886066783686,0.933886066783686,ROI con alta actividad basal,actividad basal alta o amplitud elevada; amplitud máxima elevada
14DIV_GCamp-NLS-jRGECO1aASX51_w1Channel-B,dF_F0_ROI47,1.081706716851953e-05,0.0012372345418125,0.0022378392424311,1.0,0.0084102697235698,0.0084102697235698,ROI válida,señal razonable y eventos detectables
14DIV_GCamp-NLS-jRGECO1aASX51_w1Channel-B,dF_F0_ROI6,-7.03294099681113e-07,0.002303819356379,0.0041461715473826,1.0,0.1807191242452031,0.1807191242452031,ROI con alta actividad basal,actividad basal alta o amplitud elevada; amplitud máxima elevada
14DIV_GCamp-NLS-jRGECO1aASX51_w1Channel-B,dF_F0_ROI7,-9.024086106184404e-05,0.0010980201087457,0.0018861953346805,0.0,0.0,0.0,ROI sin eventos,sin eventos pre-peak detectados
Results_15DIV_double-sequential-ASX11_w1Channel-B,dF_F0_ROI1,0.0066752812546689,,,0.0,0.0,0.0,ROI dudosa,valores cercanos a cero o sin señal útil
Results_15DIV_double-sequential-ASX11_w1Channel-B,dF_F0_ROI2,0.0075391282293758,,,0.0,0.0,0.0,ROI dudosa,valores cercanos a cero o sin señal útil
Results_15DIV_double-sequential-ASX11_w1Channel-B,dF_F0_ROI3,0.0075212144391128,,,0.0,0.0,0.0,ROI dudosa,valores cercanos a cero o sin señal útil
Results_15DIV_double-sequential-ASX11_w1Channel-B,dF_F0_ROI4,0.0075147976384673,,,0.0,0.0,0.0,ROI dudosa,valores cercanos a cero o sin señal útil
Results_15DIV_double-sequential-ASX11_w1Channel-B,dF_F0_ROI5,-9.17234097567047e-06,0.0026279555470839,0.0047211476437753,1.0,0.0158882535789363,0.0158882535789363,ROI con alta actividad basal,actividad basal alta o amplitud elevada
Results_15DIV_double-sequential-ASX11_w1Channel-B,dF_F0_ROI6,0.0057693012754129,,,0.0,0.0,0.0,ROI dudosa,valores cercanos a cero o sin señal útil
Results_15DIV_double-sequential-ASX11_w1Channel-B,dF_F0_ROI7,-5.603544671956657e-06,0.0018893282648137,0.0033951873319927,1.0,0.0137036531841871,0.0137036531841871,ROI con alta actividad basal,actividad basal alta o amplitud elevada
Results_15DIV_double-sequential-ASX21_w1Channel-B,dF_F0_Mean1,0.001633229488414,0.0010039916266487,0.0034404144163817,0.0,0.0,0.0,ROI sin eventos,sin eventos pre-peak detectados
Results_15DIV_double-sequential-ASX21_w1Channel-B,dF_F0_Mean2,-7.690491302180157e-06,0.0025424060224767,0.0045686403491559,2.0,0.0065274539937313,0.0075600297554378,ROI válida,señal razonable y eventos detectables
Results_15DIV_double-sequential-ASX21_w1Channel-B,dF_F0_Mean3,0.0242431584873774,,,0.0,0.0,0.0,ROI dudosa,valores cercanos a cero o sin señal útil
Results_15DIV_double-sequential-ASX21_w1Channel-B,dF_F0_Mean4,0.0007291911238608,0.0017186290090723,0.0038227233401911,0.0,0.0,0.0,ROI sin eventos,sin eventos pre-peak detectados
Results_15DIV_double-sequential-ASX21_w1Channel-B,dF_F0_Mean5,-4.354118809848986e-06,0.004340020506467,0.0078076827928308,2.0,0.065783280400086,0.1232752749116827,ROI con alta actividad basal,actividad basal alta o amplitud elevada; amplitud máxima elevada
Results_15DIV_double-sequential-ASX21_w1Channel-B,dF_F0_Mean6,2.513363546636395e-06,0.0055067349447053,0.0099146362640162,1.0,0.0109748180903672,0.0109748180903672,ROI con alta actividad basal,actividad basal alta o amplitud elevada
Results_15DIV_double-sequential-ASX21_w1Channel-B,dF_F0_Mean7,2.355715796463747e-06,0.0029348049298102,0.0052850045894549,1.0,0.0894332931171015,0.0894332931171015,ROI con alta actividad basal,actividad basal alta o amplitud elevada; amplitud máxima elevada
Results_15DIV_double-sequential-ASX21_w1Channel-B,dF_F0_Mean8,0.003085435930335,0.0092086659691615,0.0196610346748259,1.0,0.0195061344109479,0.0195061344109479,ROI con alta actividad basal,actividad basal alta o amplitud elevada
