Archivo,ROI,Frame_peak,Media_basal,Std_basal,Umbral,N_candidatos,N_eventos_pre_peak,Duracion_promedio_eventos,Duracion_maxima_eventos,Amplitud_promedio_eventos,Amplitud_maxima_eventos,Frame_primer_evento,Frame_ultimo_evento,Distancia_primer_evento_al_peak,Clase_futura
14DIV_GCaMP6-NLS-NMDA_control 4_Channel,dF_F0_ROI1,469,-3.342444511944686e-06,0.0001569957100086137,0.00027924983350356,212,16,13,51,0.002532873727097655,0.02715081454628765,80,468,389,
14DIV_GCaMP6-NLS-NMDA_control 4_Channel,dF_F0_ROI10,106,-7.619602683256783e-06,0.0006726417954454728,0.001203135629118594,24,3,8,14,0.007693934922343916,0.01670474549403284,9,105,97,
14DIV_GCaMP6-NLS-NMDA_control 4_Channel,dF_F0_ROI11,468,-2.52914383291901e-06,0.0002136742829455129,0.0003820845654690042,75,7,10.42857142857143,39,0.005620011296680127,0.02861808169267635,80,467,388,
14DIV_GCaMP6-NLS-NMDA_control 4_Channel,dF_F0_ROI12,467,-5.22339223094895e-06,0.0002482143584361491,0.0004415624529541194,228,14,16.28571428571428,142,0.003457876628700859,0.02724358448595684,48,466,419,
14DIV_GCaMP6-NLS-NMDA_control 4_Channel,dF_F0_ROI2,107,-1.243068476943937e-06,0.0003333981223208594,0.0005988735517006032,15,4,3.5,5,0.002125330828099327,0.005459050722727163,8,106,99,
14DIV_GCaMP6-NLS-NMDA_control 4_Channel,dF_F0_ROI3,458,-7.650464866190306e-06,0.000585444355333683,0.001046149374734439,26,7,3.714285714285714,5,0.004479053586844591,0.01948221013079553,8,457,450,
14DIV_GCaMP6-NLS-NMDA_control 4_Channel,dF_F0_ROI4,457,-2.094459020505016e-06,0.0002637918333873896,0.0004727308410767964,10,4,2.5,3,0.001541145000277277,0.004407372574396631,7,456,450,
14DIV_GCaMP6-NLS-NMDA_control 4_Channel,dF_F0_ROI5,473,3.478247968407948e-06,0.0009385744517519248,0.001692912261121873,10,1,10,10,0.006821481016335458,0.006821481016335458,463,472,10,
14DIV_GCaMP6-NLS-NMDA_control 4_Channel,dF_F0_ROI6,458,-6.578447256566292e-06,0.0003679731525533262,0.0006557732273394208,30,7,4.285714285714286,7,0.004182021097947509,0.01819246221234127,7,457,451,
14DIV_GCaMP6-NLS-NMDA_control 4_Channel,dF_F0_ROI7,468,-3.659422475020631e-06,0.0003148119721791354,0.0005630021274474232,85,6,13.83333333333333,52,0.006303435835314643,0.02648510979081845,7,467,461,
14DIV_GCaMP6-NLS-NMDA_control 4_Channel,dF_F0_ROI9,458,-7.604137873854906e-06,0.0004103148938586153,0.0007309626710716526,42,5,8.2,27,0.003884235262427509,0.01124738551606112,7,457,451,
14DIV_GCaMP6-NLS-NMDA_control2_Channel-B,dF_F0_ROI1,268,-4.407585131496971e-07,0.0003164055398409722,0.0005690892132006003,11,1,9,9,0.01425314068715683,0.01425314068715683,259,267,9,
14DIV_GCaMP6-NLS-NMDA_control2_Channel-B,dF_F0_ROI2,273,3.58532591145464e-06,0.0003357644421674776,0.0006079613218129144,84,9,9.222222222222221,26,0.001691870527317488,0.00767751478616711,75,272,198,
14DIV_GCaMP6-NLS-NMDA_control2_Channel-B,dF_F0_ROI3,272,6.96258750885079e-06,0.0003631933437710396,0.000660710606296722,20,3,6.333333333333333,14,0.003235307165903896,0.007767557004715718,1,271,271,
14DIV_GCaMP6-NLS-NMDA_control2_Channel-B,dF_F0_ROI4,270,5.746605398515591e-06,0.0009208125508172223,0.001663209196869516,18,3,6,12,0.004074769722582361,0.007930118819084167,22,269,248,
14DIV_GCaMP6-NLS-NMDA_control2_Channel-B,dF_F0_ROI5,271,2.618105266664464e-06,0.0002351726557073297,0.000425928885539858,15,1,14,14,0.003761229616284864,0.003761229616284864,257,270,14,
14DIV_GCaMP6-NLS-NMDA_control2_Channel-B,dF_F0_ROI6,275,1.214938141435662e-07,0.0004146306331193621,0.0007464566334289954,16,1,15,15,0.007218831090563046,0.007218831090563046,260,274,15,
14DIV_GCaMP6-NLS-NMDA_control2_Channel-B,dF_F0_ROI7,271,-2.266772448695343e-06,0.000207312564626659,0.0003708958438792908,18,3,5.333333333333333,10,0.007195798388275402,0.02045638946775284,75,270,196,
14DIV_GCamp-NLS-jRGECO1a control21,dF_F0_ROI1,151,-2.737254678633674e-06,0.005610389431383465,0.0100959637218116,4,1,4,4,0.6669205511711458,0.6669205511711458,147,150,4,
14DIV_GCamp-NLS-jRGECO1a control21,dF_F0_ROI10,145,-9.56437360695005e-06,0.002102151943371135,0.003774309124461093,6,2,3,4,0.03286365523449054,0.06087118400510894,7,144,138,
14DIV_GCamp-NLS-jRGECO1a control21,dF_F0_ROI11,150,-3.104947166768958e-06,0.005777445728056339,0.01039629736333464,6,1,6,6,0.7113483970200661,0.7113483970200661,144,149,6,
14DIV_GCamp-NLS-jRGECO1a control21,dF_F0_ROI12,143,-1.5228126827869e-05,0.002584129547329022,0.004636205058364371,7,2,2.5,3,0.04402729778518202,0.07975789144303248,80,142,63,
14DIV_GCamp-NLS-jRGECO1a control21,dF_F0_ROI13,151,-2.227896701353848e-05,0.004065445383432788,0.00729552272316548,9,2,4.5,7,0.03019070716769586,0.05229657179492045,9,150,142,
14DIV_GCamp-NLS-jRGECO1a control21,dF_F0_ROI14,143,-6.17474532433854e-06,0.002259761888668793,0.004061396654279488,6,2,3,3,0.02862769940253557,0.0514446670246484,7,142,136,
14DIV_GCamp-NLS-jRGECO1a control21,dF_F0_ROI15,150,-1.128699926849676e-06,0.004027128674287476,0.007247702913790607,6,2,3,4,0.1917054966849261,0.3759296936851915,1,149,149,
14DIV_GCamp-NLS-jRGECO1a control21,dF_F0_ROI2,151,-9.16557658471624e-06,0.008320465876963126,0.01496767300194891,5,1,5,5,0.7255314706548085,0.7255314706548085,146,150,5,
14DIV_GCamp-NLS-jRGECO1a control21,dF_F0_ROI3,150,-1.504467653305781e-05,0.008811730240715177,0.01584606975675426,9,2,4.5,6,0.1401682494460079,0.2584728290801417,16,149,134,
14DIV_GCamp-NLS-jRGECO1a control21,dF_F0_ROI4,150,4.825156037659208e-06,0.00246725805728106,0.004445889659143568,9,1,8,8,0.3292211223579193,0.3292211223579193,142,149,8,
14DIV_GCamp-NLS-jRGECO1a control21,dF_F0_ROI5,150,-1.470524861210175e-05,0.003877943067413487,0.006965592272732174,8,1,8,8,0.3716911560124495,0.3716911560124495,142,149,8,
14DIV_GCamp-NLS-jRGECO1a control21,dF_F0_ROI6,143,-5.771199309379238e-05,0.02572138606777346,0.04624078292889844,4,2,2,2,0.08932671080824617,0.1187933193875859,9,142,134,
14DIV_GCamp-NLS-jRGECO1a control21,dF_F0_ROI7,142,-9.712863759094488e-06,0.007305385373970039,0.01313998080938698,12,5,2.2,3,0.0353267359548972,0.1053935007222718,8,141,134,
14DIV_GCamp-NLS-jRGECO1a control21,dF_F0_ROI9,150,-9.097739635792122e-06,0.004153365547838891,0.007466960246474211,6,1,6,6,0.465103372064981,0.465103372064981,144,149,6,
14DIV_GCamp-NLS-jRGECO1aASX11_w1Channel-B,dF_F0_ROI1,3,0.003000213679666077,0.0002320056340362991,0.003417823820931415,0,0,0,0,0,0,,,,
14DIV_GCamp-NLS-jRGECO1aASX11_w1Channel-B,dF_F0_ROI10,161,5.793141674611859e-06,0.0005987697074931114,0.001083578615162212,64,2,31.5,61,0.0050912707614839,0.008979332475859279,97,160,64,
14DIV_GCamp-NLS-jRGECO1aASX11_w1Channel-B,dF_F0_ROI2,228,1.364067391481973e-05,0.002459334227982637,0.004440442284283566,19,1,19,19,0.009341257482778434,0.009341257482778434,209,227,19,
14DIV_GCamp-NLS-jRGECO1aASX11_w1Channel-B,dF_F0_ROI3,3,0.002575498964345051,0.0001665072447832855,0.002875212004954965,0,0,0,0,0,0,,,,
14DIV_GCamp-NLS-jRGECO1aASX11_w1Channel-B,dF_F0_ROI4,3,0.003698467883311293,0.0002944064139731187,0.004228399428462907,0,0,0,0,0,0,,,,
14DIV_GCamp-NLS-jRGECO1aASX11_w1Channel-B,dF_F0_ROI5,173,1.390055133448601e-05,0.0003895554249476712,0.0007151003162402942,87,2,43,84,0.008381086218188864,0.01585597080626766,85,172,88,
14DIV_GCamp-NLS-jRGECO1aASX11_w1Channel-B,dF_F0_ROI6,3,0.001499046222791625,0.0001905186709880518,0.001841979830570119,0,0,0,0,0,0,,,,
14DIV_GCamp-NLS-jRGECO1aASX11_w1Channel-B,dF_F0_ROI7,3,0.001088271157392661,0.0001334372557171569,0.001328458217683543,0,0,0,0,0,0,,,,
14DIV_GCamp-NLS-jRGECO1aASX11_w1Channel-B,dF_F0_ROI9,150,-9.59826920918281e-06,0.001397487519873984,0.002505879266563989,6,1,6,6,0.04553952946460051,0.04553952946460051,144,149,6,
14DIV_GCamp-NLS-jRGECO1aASX51_w1Channel-B,dF_F0_ROI1,31,0,0,0,0,0,0,0,0,0,,,,
14DIV_GCamp-NLS-jRGECO1aASX51_w1Channel-B,dF_F0_ROI10,137,-1.746941201402136e-05,0.001874678157769025,0.003356951271970224,3,1,2,2,0.06490533712574248,0.06490533712574248,135,136,2,
14DIV_GCamp-NLS-jRGECO1aASX51_w1Channel-B,dF_F0_ROI11,10,0.0002464470549577306,0.0003285960732769243,0.0008379199868561943,0,0,0,0,0,0,,,,
14DIV_GCamp-NLS-jRGECO1aASX51_w1Channel-B,dF_F0_ROI12,137,-0.0001100240732671587,0.008510236390710363,0.0152084014300115,2,1,2,2,0.3485210564071419,0.3485210564071419,135,136,2,
14DIV_GCamp-NLS-jRGECO1aASX51_w1Channel-B,dF_F0_ROI13,31,0,0,0,0,0,0,0,0,0,,,,
14DIV_GCamp-NLS-jRGECO1aASX51_w1Channel-B,dF_F0_ROI14,139,1.00269394285758e-06,0.0030500847526074,0.005491155248636179,4,1,4,4,0.2159649390816554,0.2159649390816554,135,138,4,
14DIV_GCamp-NLS-jRGECO1aASX51_w1Channel-B,dF_F0_ROI15,139,2.182643617950803e-05,0.001213587482783294,0.002206283905189437,2,1,2,2,0.002957482102322332,0.002957482102322332,137,138,2,
14DIV_GCamp-NLS-jRGECO1aASX51_w1Channel-B,dF_F0_ROI16,139,-0.0001637365440927382,0.0144645246179479,0.02587240776821348,5,1,4,4,1.337521942600822,1.337521942600822,135,138,4,
14DIV_GCamp-NLS-jRGECO1aASX51_w1Channel-B,dF_F0_ROI17,31,0,0,0,0,0,0,0,0,0,,,,
14DIV_GCamp-NLS-jRGECO1aASX51_w1Channel-B,dF_F0_ROI18,138,-2.019102004129717e-06,0.002865345323329946,0.005155602479989772,4,1,3,3,0.2944389484756437,0.2944389484756437,135,137,3,
14DIV_GCamp-NLS-jRGECO1aASX51_w1Channel-B,dF_F0_ROI19,142,-2.735244722300579e-06,0.001076535068540867,0.00193502787865126,2,1,2,2,0.002743450456512344,0.002743450456512344,140,141,2,
14DIV_GCamp-NLS-jRGECO1aASX51_w1Channel-B,dF_F0_ROI2,138,-5.179742808428343e-06,0.002875551732301821,0.005170813375334849,5,2,2.5,3,0.128053761935045,0.2504363013279654,1,137,137,
14DIV_GCamp-NLS-jRGECO1aASX51_w1Channel-B,dF_F0_ROI20,138,-3.757215561703738e-05,0.01354506137946213,0.02434353832741479,4,1,4,4,2.320869624620009,2.320869624620009,134,137,4,
14DIV_GCamp-NLS-jRGECO1aASX51_w1Channel-B,dF_F0_ROI21,31,0,0,0,0,0,0,0,0,0,,,,
14DIV_GCamp-NLS-jRGECO1aASX51_w1Channel-B,dF_F0_ROI22,137,-3.002092348361087e-06,0.004753153501020838,0.008552674209489146,4,1,3,3,0.2691788669668945,0.2691788669668945,134,136,3,
14DIV_GCamp-NLS-jRGECO1aASX51_w1Channel-B,dF_F0_ROI23,136,-4.856883823341902e-05,0.0009886685596124092,0.001731034569068918,1,0,0,0,0,0,,,,
14DIV_GCamp-NLS-jRGECO1aASX51_w1Channel-B,dF_F0_ROI24,137,4.301608113170552e-05,0.02107399137182595,0.03797620055041842,3,1,3,3,1.87143525735661,1.87143525735661,134,136,3,
14DIV_GCamp-NLS-jRGECO1aASX51_w1Channel-B,dF_F0_ROI25,31,0,0,0,0,0,0,0,0,0,,,,
14DIV_GCamp-NLS-jRGECO1aASX51_w1Channel-B,dF_F0_ROI26,139,3.752460486862684e-06,0.00484807867652322,0.00873029407822866,4,1,4,4,0.5242791614415755,0.5242791614415755,135,138,4,
14DIV_GCamp-NLS-jRGECO1aASX51_w1Channel-B,dF_F0_ROI27,139,3.250922449253875e-05,0.001559175288581592,0.002839024743939404,4,1,3,3,0.008078542286373759,0.008078542286373759,136,138,3,
14DIV_GCamp-NLS-jRGECO1aASX51_w1Channel-B,dF_F0_ROI28,139,-0.0001640064268280856,0.01719812934661722,0.03079262639708291,4,1,4,4,2.663956390969084,2.663956390969084,135,138,4,
14DIV_GCamp-NLS-jRGECO1aASX51_w1Channel-B,dF_F0_ROI29,31,0,0,0,0,0,0,0,0,0,,,,
14DIV_GCamp-NLS-jRGECO1aASX51_w1Channel-B,dF_F0_ROI3,137,-0.0001039290656776771,0.0009664422015299012,0.001635666897076145,0,0,0,0,0,0,,,,
14DIV_GCamp-NLS-jRGECO1aASX51_w1Channel-B,dF_F0_ROI30,137,-1.92967107452482e-06,0.003766626479533319,0.00677799799208545,3,1,3,3,0.2527827870572885,0.2527827870572885,134,136,3,
14DIV_GCamp-NLS-jRGECO1aASX51_w1Channel-B,dF_F0_ROI31,138,4.859401321751267e-05,0.00160934973491671,0.002945423536067591,4,1,3,3,0.007953220163275885,0.007953220163275885,135,137,3,
14DIV_GCamp-NLS-jRGECO1aASX51_w1Channel-B,dF_F0_ROI32,137,2.907304238484223e-05,0.01674136665353722,0.03016353301875184,3,1,3,3,1.271266021971952,1.271266021971952,134,136,3,
14DIV_GCamp-NLS-jRGECO1aASX51_w1Channel-B,dF_F0_ROI33,31,0,0,0,0,0,0,0,0,0,,,,
14DIV_GCamp-NLS-jRGECO1aASX51_w1Channel-B,dF_F0_ROI34,138,-6.664598664770886e-06,0.004992093133575392,0.008979103041770936,4,1,3,3,0.4297372292324642,0.4297372292324642,135,137,3,
14DIV_GCamp-NLS-jRGECO1aASX51_w1Channel-B,dF_F0_ROI35,137,-5.976734203764658e-05,0.001587726307938653,0.00279814001225193,0,0,0,0,0,0,,,,
14DIV_GCamp-NLS-jRGECO1aASX51_w1Channel-B,dF_F0_ROI36,139,-7.206727757541193e-05,0.01912210472233923,0.03434772122263521,5,1,4,4,2.683901833280669,2.683901833280669,135,138,4,
14DIV_GCamp-NLS-jRGECO1aASX51_w1Channel-B,dF_F0_ROI37,31,0,0,0,0,0,0,0,0,0,,,,
14DIV_GCamp-NLS-jRGECO1aASX51_w1Channel-B,dF_F0_ROI38,136,-1.147460488843891e-05,0.00388295447179424,0.006977843444341193,3,1,2,2,0.112846118541961,0.112846118541961,134,135,2,
14DIV_GCamp-NLS-jRGECO1aASX51_w1Channel-B,dF_F0_ROI39,137,3.232479958619842e-05,0.001964224045446299,0.003567928081389536,3,1,2,2,0.003975950349107835,0.003975950349107835,3,4,134,
14DIV_GCamp-NLS-jRGECO1aASX51_w1Channel-B,dF_F0_ROI4,138,2.528956552530955e-05,0.01433295103425389,0.02582460142718231,4,1,3,3,2.087426028020839,2.087426028020839,135,137,3,
14DIV_GCamp-NLS-jRGECO1aASX51_w1Channel-B,dF_F0_ROI40,136,-4.292793013778209e-05,0.0109586345971701,0.01968261434476841,2,1,2,2,0.6680996418584115,0.6680996418584115,134,135,2,
14DIV_GCamp-NLS-jRGECO1aASX51_w1Channel-B,dF_F0_ROI41,31,0,0,0,0,0,0,0,0,0,,,,
14DIV_GCamp-NLS-jRGECO1aASX51_w1Channel-B,dF_F0_ROI42,138,-1.688558715429239e-06,0.002006362089454528,0.003609763202302721,7,2,3.5,5,0.07605537448722356,0.1480773339863994,20,137,118,
14DIV_GCamp-NLS-jRGECO1aASX51_w1Channel-B,dF_F0_ROI43,137,1.629142093776379e-05,0.001043730039349388,0.001895005491766661,2,0,0,0,0,0,,,,
14DIV_GCamp-NLS-jRGECO1aASX51_w1Channel-B,dF_F0_ROI44,138,-1.305670527100399e-05,0.005850541488602867,0.01051791797421416,5,1,5,5,0.8958466620532974,0.8958466620532974,133,137,5,
14DIV_GCamp-NLS-jRGECO1aASX51_w1Channel-B,dF_F0_ROI45,31,0,0,0,0,0,0,0,0,0,,,,
14DIV_GCamp-NLS-jRGECO1aASX51_w1Channel-B,dF_F0_ROI46,138,5.210423393289346e-06,0.005716753272776134,0.01029536631439033,5,1,5,5,0.9338860667836859,0.9338860667836859,133,137,5,
14DIV_GCamp-NLS-jRGECO1aASX51_w1Channel-B,dF_F0_ROI47,137,1.081706716851953e-05,0.001237234541812577,0.002237839242431158,3,1,2,2,0.00841026972356985,0.00841026972356985,135,136,2,
14DIV_GCamp-NLS-jRGECO1aASX51_w1Channel-B,dF_F0_ROI48,138,-0.0001154186211612064,0.02084752219410576,0.03741012132822917,4,1,4,4,3.574286037831175,3.574286037831175,134,137,4,
14DIV_GCamp-NLS-jRGECO1aASX51_w1Channel-B,dF_F0_ROI5,31,0,0,0,0,0,0,0,0,0,,,,
14DIV_GCamp-NLS-jRGECO1aASX51_w1Channel-B,dF_F0_ROI6,138,-7.03294099681113e-07,0.002303819356379054,0.004146171547382617,5,1,4,4,0.1807191242452031,0.1807191242452031,134,137,4,
14DIV_GCamp-NLS-jRGECO1aASX51_w1Channel-B,dF_F0_ROI7,9,-9.024086106184404e-05,0.001098020108745789,0.001886195334680576,0,0,0,0,0,0,,,,
14DIV_GCamp-NLS-jRGECO1aASX51_w1Channel-B,dF_F0_ROI9,31,0,0,0,0,0,0,0,0,0,,,,
Results_15DIV_double-sequential-ASX11_w1Channel-B,dF_F0_ROI1,2,0.006675281254668911,,,0,0,0,0,0,0,,,,
Results_15DIV_double-sequential-ASX11_w1Channel-B,dF_F0_ROI2,2,0.007539128229375849,,,0,0,0,0,0,0,,,,
Results_15DIV_double-sequential-ASX11_w1Channel-B,dF_F0_ROI3,2,0.007521214439112881,,,0,0,0,0,0,0,,,,
Results_15DIV_double-sequential-ASX11_w1Channel-B,dF_F0_ROI4,2,0.007514797638467342,,,0,0,0,0,0,0,,,,
Results_15DIV_double-sequential-ASX11_w1Channel-B,dF_F0_ROI5,145,-9.17234097567047e-06,0.002627955547083902,0.004721147643775353,2,1,2,2,0.0158882535789363,0.0158882535789363,143,144,2,
Results_15DIV_double-sequential-ASX11_w1Channel-B,dF_F0_ROI6,2,0.005769301275412956,,,0,0,0,0,0,0,,,,
Results_15DIV_double-sequential-ASX11_w1Channel-B,dF_F0_ROI7,144,-5.603544671956657e-06,0.001889328264813728,0.003395187331992754,3,1,2,2,0.01370365318418714,0.01370365318418714,142,143,2,
Results_15DIV_double-sequential-ASX21_w1Channel-B,dF_F0_Mean1,13,0.001633229488414034,0.001003991626648716,0.003440414416381723,0,0,0,0,0,0,,,,
Results_15DIV_double-sequential-ASX21_w1Channel-B,dF_F0_Mean2,163,-7.690491302180157e-06,0.002542406022476755,0.004568640349155979,12,2,6,9,0.00652745399373139,0.007560029755437859,1,162,162,
Results_15DIV_double-sequential-ASX21_w1Channel-B,dF_F0_Mean3,2,0.02424315848737748,,,0,0,0,0,0,0,,,,
Results_15DIV_double-sequential-ASX21_w1Channel-B,dF_F0_Mean4,22,0.0007291911238608953,0.001718629009072344,0.003822723340191115,1,0,0,0,0,0,,,,
Results_15DIV_double-sequential-ASX21_w1Channel-B,dF_F0_Mean5,148,-4.354118809848986e-06,0.00434002050646703,0.007807682792830805,4,2,2,2,0.06578328040008609,0.1232752749116827,1,147,147,
Results_15DIV_double-sequential-ASX21_w1Channel-B,dF_F0_Mean6,47,2.513363546636395e-06,0.005506734944705313,0.0099146362640162,2,1,2,2,0.0109748180903672,0.0109748180903672,1,2,46,
Results_15DIV_double-sequential-ASX21_w1Channel-B,dF_F0_Mean7,150,2.355715796463747e-06,0.002934804929810287,0.00528500458945498,3,1,3,3,0.08943329311710156,0.08943329311710156,147,149,3,
Results_15DIV_double-sequential-ASX21_w1Channel-B,dF_F0_Mean8,23,0.003085435930335091,0.00920866596916158,0.01966103467482594,2,1,2,2,0.01950613441094796,0.01950613441094796,1,2,22,
