 ,Label,Area1,Mean1,Min1,Max1,IntDen1,RawIntDen1,Area2,Mean2,Min2,Max2,IntDen2,RawIntDen2,Area3,Mean3,Min3,Max3,IntDen3,RawIntDen3,Area4,Mean4,Min4,Max4,IntDen4,RawIntDen4,Area5,Mean5,Min5,Max5,IntDen5,RawIntDen5,Area6,Mean6,Min6,Max6,IntDen6,RawIntDen6,Area7,Mean7,Min7,Max7,IntDen7,RawIntDen7,Area8,Mean8,Min8,Max8,IntDen8,RawIntDen8
1,14DIV_GCamp-NLS-jRGECO1aASX162_w1Channel-B.stk,0.003,2201.571,2070,2305,6.740,656068,0.003,2179.866,2059,2288,6.360,619082,0.003,2442.189,2248,2708,7.577,737541,0.004,2250.102,2145,2470,8.876,864039,0.004,2306.720,2155,2472,8.389,816579,0.003,2228.813,2124,2456,7.121,693161,0.003,2148.052,2070,2285,6.355,618639,0.003,2242.985,2129,2439,6.083,592148
2,14DIV_GCamp-NLS-jRGECO1aASX162_w1Channel-B.stk,0.003,2197.510,2073,2312,6.727,654858,0.003,2177.845,2053,2280,6.354,618508,0.003,2439.954,2228,2690,7.570,736866,0.004,2248.427,2132,2470,8.870,863396,0.004,2305.989,2144,2456,8.386,816320,0.003,2227.830,2129,2461,7.118,692855,0.003,2145.771,2070,2307,6.348,617982,0.003,2242.121,2136,2418,6.081,591920
3,14DIV_GCamp-NLS-jRGECO1aASX162_w1Channel-B.stk,0.003,2195.755,2064,2311,6.722,654335,0.003,2177.658,2056,2289,6.353,618455,0.003,2437.603,2222,2733,7.562,736156,0.004,2247.909,2152,2464,8.867,863197,0.004,2303.048,2152,2457,8.375,815279,0.003,2225.408,2121,2456,7.110,692102,0.003,2142.760,2064,2286,6.340,617115,0.003,2240.386,2124,2441,6.076,591462
4,14DIV_GCamp-NLS-jRGECO1aASX162_w1Channel-B.stk,0.003,2194.027,2070,2323,6.717,653820,0.003,2173.349,2050,2283,6.341,617231,0.003,2436.722,2221,2703,7.560,735890,0.004,2246.065,2131,2458,8.860,862489,0.004,2300.576,2144,2456,8.366,814404,0.003,2225.167,2124,2459,7.109,692027,0.003,2140.972,2072,2282,6.334,616600,0.003,2239.648,2129,2424,6.074,591267
5,14DIV_GCamp-NLS-jRGECO1aASX162_w1Channel-B.stk,0.003,2192.460,2080,2316,6.712,653353,0.003,2172.842,2048,2272,6.339,617087,0.003,2434.603,2220,2707,7.553,735250,0.004,2244.385,2152,2465,8.854,861844,0.004,2299.339,2144,2436,8.362,813966,0.003,2222.469,2117,2440,7.100,691188,0.003,2139.365,2068,2292,6.329,616137,0.003,2237.000,2117,2400,6.067,590568
6,14DIV_GCamp-NLS-jRGECO1aASX162_w1Channel-B.stk,0.003,2192.272,2074,2322,6.711,653297,0.003,2175.169,2056,2285,6.346,617748,0.003,2429.371,2226,2713,7.537,733670,0.004,2244.909,2144,2464,8.856,862045,0.004,2298.175,2134,2441,8.358,813554,0.003,2223.614,2124,2468,7.104,691544,0.003,2138.167,2068,2288,6.326,615792,0.003,2236.489,2124,2432,6.065,590433
7,14DIV_GCamp-NLS-jRGECO1aASX162_w1Channel-B.stk,0.003,2189.530,2072,2290,6.703,652480,0.003,2171.711,2054,2297,6.336,616766,0.003,2428.715,2234,2697,7.535,733472,0.004,2242.453,2144,2464,8.846,861102,0.004,2296.316,2144,2437,8.351,812896,0.003,2221.978,2124,2476,7.099,691035,0.003,2137.007,2070,2280,6.323,615458,0.003,2236.595,2124,2434,6.066,590461
8,14DIV_GCamp-NLS-jRGECO1aASX162_w1Channel-B.stk,0.003,2188.356,2072,2294,6.699,652130,0.003,2171.158,2052,2273,6.334,616609,0.003,2423.397,2213,2673,7.518,731866,0.004,2241.060,2141,2432,8.840,860567,0.004,2295.288,2144,2452,8.347,812532,0.003,2220.498,2122,2438,7.094,690575,0.003,2138.194,2070,2257,6.326,615800,0.003,2234.773,2122,2409,6.061,589980
9,14DIV_GCamp-NLS-jRGECO1aASX162_w1Channel-B.stk,0.003,2189.322,2069,2288,6.702,652418,0.003,2169.912,2053,2280,6.331,616255,0.003,2423.682,2209,2688,7.519,731952,0.004,2239.885,2146,2432,8.836,860116,0.004,2292.025,2128,2444,8.335,811377,0.003,2221.460,2126,2444,7.097,690874,0.003,2136.615,2061,2272,6.321,615345,0.003,2234.265,2132,2414,6.059,589846
10,14DIV_GCamp-NLS-jRGECO1aASX162_w1Channel-B.stk,0.003,2188.671,2073,2304,6.700,652224,0.003,2168.975,2049,2290,6.328,615989,0.003,2420.824,2211,2664,7.510,731089,0.004,2240.852,2139,2475,8.840,860487,0.004,2291.305,2124,2429,8.333,811122,0.003,2218.929,2126,2436,7.089,690087,0.003,2135.035,2064,2256,6.317,614890,0.003,2233.288,2128,2397,6.057,589588
11,14DIV_GCamp-NLS-jRGECO1aASX162_w1Channel-B.stk,0.003,2188.044,2073,2292,6.698,652037,0.003,2168.155,2057,2272,6.326,615756,0.003,2418.848,2224,2678,7.504,730492,0.004,2238.630,2136,2464,8.831,859634,0.004,2291.525,2125,2440,8.333,811200,0.003,2218.961,2120,2440,7.089,690097,0.003,2134.809,2068,2265,6.316,614825,0.003,2232.485,2124,2412,6.055,589376
12,14DIV_GCamp-NLS-jRGECO1aASX162_w1Channel-B.stk,0.003,2187.097,2070,2294,6.695,651755,0.003,2168.986,2058,2273,6.328,615992,0.003,2417.308,2218,2680,7.499,730027,0.004,2238.812,2138,2422,8.832,859704,0.004,2290.853,2142,2428,8.331,810962,0.003,2217.836,2117,2432,7.086,689747,0.003,2134.747,2062,2272,6.316,614807,0.003,2230.970,2129,2408,6.050,588976
13,14DIV_GCamp-NLS-jRGECO1aASX162_w1Channel-B.stk,0.003,2209.513,2073,2308,6.764,658435,0.003,2183.493,2060,2300,6.370,620112,0.003,2438.358,2248,2690,7.565,736384,0.004,2244.875,2152,2434,8.856,862032,0.004,2312.048,2149,2454,8.408,818465,0.003,2222.273,2118,2438,7.100,691127,0.003,2158.080,2073,2280,6.385,621527,0.003,2238.500,2118,2408,6.071,590964
14,14DIV_GCamp-NLS-jRGECO1aASX162_w1Channel-B.stk,0.003,2679.970,2094,3374,8.204,798631,0.003,2326.173,2059,2580,6.787,660633,0.003,2453.215,2235,2729,7.611,740871,0.004,2275.357,2153,2468,8.976,873737,0.004,2447.328,2152,2735,8.900,866354,0.003,2267.936,2132,2536,7.246,705328,0.003,2330.368,2080,2529,6.895,671146,0.003,2260.830,2132,2453,6.131,596859
15,14DIV_GCamp-NLS-jRGECO1aASX162_w1Channel-B.stk,0.003,2860.661,2108,3849,8.757,852477,0.003,2512.116,2068,3091,7.329,713441,0.003,2429.142,2216,2672,7.536,733601,0.004,2334.130,2170,2584,9.208,896306,0.004,2562.209,2170,3032,9.318,907022,0.003,2302.907,2124,2550,7.357,716204,0.003,2359.868,2074,2592,6.982,679642,0.003,2301.049,2136,2533,6.241,607477
16,14DIV_GCamp-NLS-jRGECO1aASX162_w1Channel-B.stk,0.003,2655.487,2097,3416,8.129,791335,0.003,2452.997,2060,2992,7.157,696651,0.003,2415.073,2224,2666,7.493,729352,0.004,2293.219,2149,2484,9.046,880596,0.004,2435.333,2147,2768,8.856,862108,0.003,2278.289,2131,2508,7.279,708548,0.003,2290.962,2075,2478,6.778,659797,0.003,2297.973,2136,2572,6.232,606665
17,14DIV_GCamp-NLS-jRGECO1aASX162_w1Channel-B.stk,0.003,2430.178,2086,2897,7.440,724193,0.003,2329.437,2053,2664,6.796,661560,0.003,2408.708,2214,2643,7.473,727430,0.004,2256.102,2147,2460,8.900,866343,0.004,2347.878,2134,2557,8.538,831149,0.003,2246.662,2124,2485,7.178,698712,0.003,2224.691,2069,2348,6.582,640711,0.003,2265.905,2124,2493,6.145,598199
18,14DIV_GCamp-NLS-jRGECO1aASX162_w1Channel-B.stk,0.003,2290.678,2076,2549,7.012,682622,0.003,2244.007,2057,2436,6.547,637298,0.003,2404.533,2211,2630,7.460,726169,0.004,2240.992,2144,2432,8.840,860541,0.004,2308.675,2132,2476,8.396,817271,0.003,2228.759,2118,2476,7.121,693144,0.003,2183.962,2060,2323,6.461,628981,0.003,2244.784,2128,2465,6.088,592623
19,14DIV_GCamp-NLS-jRGECO1aASX162_w1Channel-B.stk,0.003,2222.503,2073,2368,6.804,662306,0.003,2197.444,2053,2328,6.411,624074,0.003,2402.599,2221,2634,7.454,725585,0.004,2234.987,2140,2438,8.817,858235,0.004,2292.042,2144,2454,8.335,811383,0.003,2219.498,2121,2428,7.091,690264,0.003,2160.281,2061,2276,6.391,622161,0.003,2235.553,2121,2419,6.063,590186
20,14DIV_GCamp-NLS-jRGECO1aASX162_w1Channel-B.stk,0.003,2192.691,2064,2304,6.713,653422,0.003,2176.398,2052,2297,6.350,618097,0.003,2400.911,2213,2641,7.449,725075,0.004,2232.135,2136,2440,8.805,857140,0.004,2282.223,2135,2423,8.300,807907,0.003,2215.891,2112,2449,7.079,689142,0.003,2148.295,2072,2256,6.356,618709,0.003,2229.125,2112,2416,6.045,588489
21,14DIV_GCamp-NLS-jRGECO1aASX162_w1Channel-B.stk,0.003,2179.513,2062,2276,6.672,649495,0.003,2166.458,2053,2280,6.321,615274,0.003,2399.533,2208,2643,7.444,724659,0.004,2230.536,2128,2432,8.799,856526,0.004,2278.167,2137,2422,8.285,806471,0.003,2212.042,2114,2424,7.067,687945,0.003,2142.587,2064,2264,6.339,617065,0.003,2225.871,2124,2378,6.037,587630
22,14DIV_GCamp-NLS-jRGECO1aASX162_w1Channel-B.stk,0.003,2175.346,2064,2280,6.659,648253,0.003,2162.845,2056,2282,6.310,614248,0.003,2395.811,2217,2632,7.433,723535,0.004,2228.448,2140,2420,8.791,855724,0.004,2275.192,2130,2427,8.274,805418,0.003,2211.010,2120,2437,7.064,687624,0.003,2136.858,2061,2256,6.322,615415,0.003,2224.254,2126,2405,6.032,587203
23,14DIV_GCamp-NLS-jRGECO1aASX162_w1Channel-B.stk,0.003,2172.571,2070,2266,6.651,647426,0.003,2161.592,2052,2275,6.306,613892,0.003,2395.970,2212,2627,7.433,723583,0.004,2228.135,2129,2412,8.789,855604,0.004,2275.590,2128,2398,8.275,805559,0.003,2209.987,2118,2448,7.061,687306,0.003,2133.510,2068,2246,6.312,614451,0.003,2222.178,2118,2412,6.027,586655
24,14DIV_GCamp-NLS-jRGECO1aASX162_w1Channel-B.stk,0.003,2169.903,2072,2254,6.643,646631,0.003,2158.092,2052,2277,6.296,612898,0.003,2394.046,2222,2628,7.427,723002,0.004,2226.591,2138,2395,8.783,855011,0.004,2271.520,2133,2392,8.261,804118,0.003,2208.061,2113,2417,7.054,686707,0.003,2130.757,2057,2264,6.304,613658,0.003,2219.723,2128,2372,6.020,586007
25,14DIV_GCamp-NLS-jRGECO1aASX162_w1Channel-B.stk,0.003,2169.792,2062,2263,6.642,646598,0.003,2158.106,2053,2262,6.296,612902,0.003,2393.656,2220,2630,7.426,722884,0.004,2226.497,2136,2424,8.783,854975,0.004,2271.122,2140,2397,8.259,803977,0.003,2209.354,2120,2417,7.059,687109,0.003,2130.177,2065,2245,6.302,613491,0.003,2219.299,2120,2373,6.019,585895
26,14DIV_GCamp-NLS-jRGECO1aASX162_w1Channel-B.stk,0.003,2168.399,2072,2248,6.638,646183,0.003,2156.282,2049,2266,6.291,612384,0.003,2390.371,2210,2596,7.416,721892,0.004,2226.427,2130,2409,8.783,854948,0.004,2271.336,2138,2393,8.260,804053,0.003,2208.042,2121,2436,7.054,686701,0.003,2127.288,2061,2254,6.294,612659,0.003,2217.989,2124,2409,6.015,585549
27,14DIV_GCamp-NLS-jRGECO1aASX162_w1Channel-B.stk,0.003,2167.611,2072,2254,6.636,645948,0.003,2157.046,2049,2277,6.293,612601,0.003,2390.887,2201,2604,7.417,722048,0.004,2224.448,2140,2417,8.775,854188,0.004,2269.757,2146,2402,8.254,803494,0.003,2206.322,2120,2404,7.049,686166,0.003,2126.792,2072,2248,6.292,612516,0.003,2217.996,2128,2409,6.015,585551
28,14DIV_GCamp-NLS-jRGECO1aASX162_w1Channel-B.stk,0.003,2167.742,2072,2246,6.636,645987,0.003,2156.644,2048,2266,6.292,612487,0.003,2388.212,2210,2597,7.409,721240,0.004,2225.740,2136,2429,8.780,854684,0.004,2269.365,2130,2408,8.253,803355,0.003,2205.820,2112,2412,7.047,686010,0.003,2127.233,2061,2235,6.294,612643,0.003,2218.398,2114,2392,6.016,585657
29,14DIV_GCamp-NLS-jRGECO1aASX162_w1Channel-B.stk,0.003,2167.873,2057,2252,6.637,646026,0.003,2155.651,2048,2272,6.289,612205,0.003,2385.103,2208,2604,7.400,720301,0.004,2223.346,2129,2416,8.771,853765,0.004,2267.576,2136,2394,8.246,802722,0.003,2205.283,2106,2436,7.046,685843,0.003,2127.229,2069,2261,6.294,612642,0.003,2217.814,2124,2381,6.015,585503
30,14DIV_GCamp-NLS-jRGECO1aASX162_w1Channel-B.stk,0.003,2190.513,2076,2280,6.706,652773,0.003,2175.747,2050,2293,6.348,617912,0.003,2407.785,2224,2645,7.470,727151,0.004,2230.023,2124,2413,8.797,856329,0.004,2277.624,2136,2406,8.283,806279,0.003,2213.244,2113,2441,7.071,688319,0.003,2158.122,2070,2278,6.385,621539,0.003,2229.178,2113,2400,6.046,588503
31,14DIV_GCamp-NLS-jRGECO1aASX162_w1Channel-B.stk,0.003,2608.419,2088,3227,7.985,777309,0.003,2368.979,2057,2700,6.911,672790,0.003,2414.997,2232,2649,7.492,729329,0.004,2252.685,2138,2448,8.886,865031,0.004,2380.825,2152,2617,8.658,842812,0.003,2246.785,2131,2478,7.178,698750,0.003,2309.771,2080,2481,6.834,665214,0.003,2266.769,2136,2455,6.148,598427
32,14DIV_GCamp-NLS-jRGECO1aASX162_w1Channel-B.stk,0.003,2693.574,2106,3463,8.246,802685,0.003,2445.687,2048,2952,7.135,694575,0.003,2396.490,2216,2603,7.435,723740,0.004,2287.883,2160,2478,9.025,878547,0.004,2438.167,2155,2776,8.867,863111,0.003,2256.077,2133,2469,7.208,701640,0.003,2326.128,2074,2510,6.882,669925,0.003,2317.602,2138,2584,6.285,611847
33,14DIV_GCamp-NLS-jRGECO1aASX162_w1Channel-B.stk,0.003,2507.758,2089,3100,7.677,747312,0.003,2369.419,2060,2784,6.913,672915,0.003,2387.265,2209,2611,7.406,720954,0.004,2278.094,2148,2472,8.987,874788,0.004,2364.090,2144,2584,8.597,836888,0.003,2237.119,2124,2435,7.147,695744,0.003,2284.208,2069,2443,6.758,657852,0.003,2314.167,2131,2594,6.276,610940
